Pocket_Label,Score,Polar SASA,Apolar SASA,Volume,Proportion of polar atoms
MEAN,-0.34584031413612565,43.12228010471205,208.53716753926702,677.3264659685864,40.2546387434555
VARIANCE,0.06921840225501916,1881.4718034567686,39399.570728029605,517580.6802065119,31.754121449203666
0000_12,0,-0.208,20.446,113.517,347.04,35.0
0000_32,0,-0.729,83.861,438.369,1373.173,39.175
0000_2,0,-0.04,20.446,32.606,111.822,53.333
0000_15,0,-0.24,22.523,97.818,230.331,43.75
0000_35,0,-1.344,231.382,1101.357,3965.416,38.049
0000_23,0,-0.377,31.294,181.144,584.18,39.394
0000_18,0,-0.284,33.503,140.085,508.267,44.0
0000_17,0,-0.279,38.683,105.064,332.607,47.059
0001_21,1,-0.259,8.594,89.364,212.818,33.333
0001_1,1,-0.037,15.089,94.195,248.239,37.037
0001_27,1,-0.435,15.089,206.504,595.188,32.258
0001_6,1,-0.139,11.875,37.436,84.634,38.462
0001_13,1,-0.211,24.688,101.441,318.104,45.0
0001_26,1,-0.406,59.107,156.992,482.974,41.379
0001_23,1,-0.299,12.968,146.123,394.127,44.0
0001_28,1,-0.467,19.441,178.729,379.363,33.333
0001_35,1,-1.32,196.497,1075.997,3749.788,43.348
0001_14,1,-0.215,16.116,158.199,511.039,39.394
0001_18,1,-0.238,61.272,121.97,575.854,48.571
0001_7,1,-0.139,24.688,55.551,198.254,35.714
0001_20,1,-0.257,5.357,102.648,250.118,26.667
0002_21,2,-0.542,79.509,265.678,890.022,44.444
0002_24,2,-0.854,103.081,712.501,2319.772,38.065
0002_20,2,-0.447,18.348,245.149,754.585,37.838
0002_4,2,-0.112,20.38,137.67,514.657,47.368
0002_28,2,-1.118,150.535,646.081,2370.567,41.667
0002_17,2,-0.371,58.235,175.106,733.21,48.571
0002_19,2,-0.444,49.486,242.733,777.539,40.909
0002_16,2,-0.36,25.804,161.822,458.559,29.167
0008_12,8,-0.141,12.858,57.966,142.871,36.364
0008_19,8,-0.316,44.018,138.877,449.836,38.462
0008_29,8,-0.497,42.947,258.432,806.631,37.255
0008_34,8,-1.052,81.652,508.412,1612.529,40.659
0008_6,8,-0.077,13.951,57.966,138.554,44.444
0008_20,8,-0.354,19.485,155.784,378.428,30.435
0008_33,8,-0.725,151.452,667.818,2525.518,45.57
0008_10,8,-0.136,29.106,107.479,394.44,46.429
0008_15,8,-0.215,30.111,120.763,388.606,40.0
0008_17,8,-0.291,39.821,184.767,566.021,45.0
0008_18,8,-0.293,41.964,217.373,765.015,41.176
0018_17,18,-0.22,11.808,118.348,301.716,31.579
0018_30,18,-0.696,133.392,632.797,2293.049,43.448
0018_20,18,-0.335,14.017,172.691,542.798,34.483
0018_26,18,-0.524,9.643,202.882,504.522,29.167
0018_22,18,-0.362,32.454,148.538,436.253,45.0
0018_6,18,-0.162,17.165,142.5,452.76,40.625
0018_16,18,-0.209,22.589,85.742,254.664,43.75
0018_10,18,-0.174,19.308,103.856,341.94,40.0
0018_12,18,-0.197,51.696,97.818,473.011,46.875
0018_8,18,-0.165,22.501,50.72,203.858,35.714
0019_11,19,-0.148,19.331,126.801,379.669,43.333
0019_4,19,-0.076,38.617,96.61,420.473,38.462
0019_21,19,-0.268,26.875,91.78,254.446,33.333
0019_40,19,-1.246,128.234,706.463,2347.772,41.538
0019_36,19,-0.575,89.042,269.301,893.921,42.222
0019_20,19,-0.258,61.361,136.462,564.157,50.0
0019_23,19,-0.29,21.65,166.653,495.419,40.0
0019_31,19,-0.395,53.772,322.437,1001.541,42.105
0021_10,21,-0.121,15.089,35.021,95.218,38.462
0021_15,21,-0.18,30.111,94.195,274.496,41.176
0021_22,21,-0.362,26.853,153.369,381.404,27.778
0021_31,21,-0.611,43.146,306.738,897.159,37.5
0021_20,21,-0.306,16.116,150.954,379.892,38.462
0021_35,21,-1.265,123.705,745.107,2354.644,39.552
0021_12,21,-0.129,32.21,80.911,276.321,42.857
0021_1,21,0.045,6.451,32.606,110.769,35.294
0021_5,21,-0.04,17.165,41.059,107.383,47.059
0021_21,21,-0.321,47.388,303.115,1011.402,39.344
0021_33,21,-0.678,67.745,336.928,966.703,42.373
0034_16,34,-0.241,12.924,179.937,579.505,42.105
0034_14,34,-0.215,6.429,102.648,235.721,35.294
0034_21,34,-0.316,16.227,143.708,371.396,30.435
0034_18,34,-0.245,33.459,148.538,421.896,44.0
0034_1,34,0.039,27.902,109.894,383.688,38.889
0034_28,34,-0.416,30.111,205.297,677.219,30.303
0034_4,34,-0.081,22.611,35.021,97.158,53.333
0034_22,34,-0.322,25.759,179.937,465.994,42.424
0034_26,34,-0.379,24.688,196.843,526.104,41.667
0034_30,34,-0.425,82.768,192.013,839.896,48.98
0034_31,34,-0.591,46.206,339.344,1013.602,37.097
0058_9,58,-0.182,16.094,96.61,287.328,45.455
0058_26,58,-0.73,83.795,272.924,753.121,41.86
0058_25,58,-0.666,55.893,271.716,902.979,39.535
0058_13,58,-0.279,9.643,141.293,362.254,34.615
0058_18,58,-0.431,79.421,219.788,786.633,38.462
0058_15,58,-0.303,16.16,141.293,333.409,33.333
0058_23,58,-0.601,107.522,504.789,1873.4,40.0
0058_24,58,-0.652,21.496,285.0,760.457,32.558
0058_6,58,-0.165,10.737,80.911,197.595,33.333
0058_12,58,-0.227,18.281,155.784,485.485,45.714
0058_19,58,-0.475,75.334,241.526,850.027,40.909
0067_17,67,-0.193,15.023,89.364,211.117,42.857
0067_36,67,-1.107,184.756,568.793,2174.485,38.318
0067_27,67,-0.446,27.946,173.898,387.749,33.333
0067_4,67,-0.06,12.88,115.932,373.252,41.935
0067_31,67,-0.5,40.981,193.221,564.806,39.286
0067_1,67,0.033,12.968,15.699,81.848,57.143
0067_24,67,-0.417,28.996,183.559,561.807,39.286
0067_7,67,-0.099,35.447,169.068,502.196,39.024
0067_30,67,-0.497,46.25,294.661,925.26,40.351
0067_13,67,-0.171,35.38,78.496,304.868,47.368
0076_8,76,-0.112,23.638,51.928,195.599,44.444
0076_21,76,-0.237,22.545,103.856,351.52,36.364
0076_14,76,-0.191,14.04,108.687,344.455,38.889
0076_18,76,-0.222,21.451,142.5,417.935,41.935
0076_24,76,-0.297,46.161,187.182,681.655,42.553
0076_31,76,-0.413,23.705,205.297,645.036,39.474
0076_40,76,-1.035,262.928,1223.328,4826.473,41.091
0076_27,76,-0.337,15.0,126.801,231.079,28.571
0076_28,76,-0.355,27.924,165.445,480.762,36.667
0076_26,76,-0.333,35.358,129.216,441.955,40.0
0076_3,76,-0.064,13.951,32.606,98.086,56.25
0076_13,76,-0.171,39.954,73.665,328.6,52.941
0083_23,83,-0.353,23.749,166.653,438.913,34.615
0083_26,83,-0.41,47.498,164.237,592.268,44.828
0083_20,83,-0.272,48.415,124.386,377.596,46.429
0083_33,83,-0.483,29.217,156.992,340.064,31.579
0083_9,83,-0.135,44.018,77.288,270.179,50.0
0083_10,83,-0.17,12.924,147.331,546.91,40.0
0083_13,83,-0.201,63.725,121.97,521.636,39.394
0083_21,83,-0.306,12.88,141.293,357.159,33.333
0083_36,83,-0.579,53.661,329.683,1114.173,41.791
0083_25,83,-0.373,22.589,179.937,496.629,38.235
0083_31,83,-0.424,34.442,225.826,726.883,35.0
0083_34,83,-0.487,92.367,218.581,797.918,41.176
0083_18,83,-0.258,31.316,83.326,236.009,46.667
0083_38,83,-0.642,71.048,291.038,1017.372,38.0
0129_24,129,-0.39,13.951,178.729,410.989,43.333
0129_7,129,-0.078,28.996,65.212,247.999,45.455
0129_1,129,0.068,7.5,30.191,101.028,33.333
0129_5,129,-0.027,11.786,66.42,257.263,38.889
0129_30,129,-0.689,104.219,499.958,1645.246,43.0
0129_25,129,-0.471,52.767,241.526,799.632,40.909
0129_20,129,-0.32,21.584,142.5,389.87,34.783
0129_8,129,-0.103,18.281,62.797,202.805,40.0
0129_11,129,-0.192,17.254,170.276,512.582,37.143
0129_17,129,-0.272,8.616,150.954,411.966,29.167
0129_29,129,-0.65,159.151,536.187,2028.423,40.777
0129_23,129,-0.368,53.949,152.161,503.954,48.148
0131_1,131,-0.016,8.594,19.322,76.785,46.154
0131_30,131,-0.898,252.678,902.099,3533.729,42.925
0131_4,131,-0.046,23.638,80.911,301.856,39.286
0131_20,131,-0.369,31.139,198.051,537.548,38.889
0131_28,131,-0.747,90.224,509.619,1621.329,38.614
0131_26,131,-0.674,38.86,288.623,884.755,36.585
0131_22,131,-0.48,58.058,187.182,547.092,44.118
0190_22,190,-0.301,68.773,167.86,673.704,44.444
0190_26,190,-0.396,104.175,177.521,845.143,47.917
0190_1,190,-0.016,23.638,44.682,164.513,47.059
0190_30,190,-0.495,54.667,247.564,846.736,32.5
0190_3,190,-0.051,30.089,88.157,321.119,42.857
0190_31,190,-0.508,24.776,243.941,646.728,31.429
0190_28,190,-0.407,25.781,242.733,709.613,42.553
0190_14,190,-0.199,15.045,105.064,268.675,33.333
0190_21,190,-0.286,25.848,208.92,584.012,38.095
0190_25,190,-0.378,27.924,199.259,452.303,45.714
0190_33,190,-0.539,51.651,225.826,579.498,32.432
0190_6,190,-0.092,17.165,118.348,377.082,45.161
0233_17,233,-0.192,23.638,159.407,603.731,46.341
0233_31,233,-0.744,173.953,861.039,3109.258,43.956
0233_27,233,-0.544,40.76,271.716,707.924,41.86
0233_23,233,-0.414,20.557,219.788,667.261,36.111
0233_16,233,-0.183,38.595,161.822,540.505,38.095
0233_21,233,-0.345,19.419,138.877,389.702,33.333
0233_24,233,-0.414,41.092,188.39,532.318,38.71
0233_6,233,-0.072,39.976,68.835,347.458,48.148
0233_1,233,-0.003,15.023,36.229,122.871,46.667
0241_9,241,-0.136,23.749,80.911,259.947,46.667
0241_31,241,-0.935,128.973,642.458,2105.415,41.86
0241_17,241,-0.293,18.348,164.237,477.219,39.286
0241_18,241,-0.296,63.282,208.92,661.835,38.776
0241_6,241,-0.103,21.54,61.589,244.502,28.571
0241_22,241,-0.407,13.973,231.865,695.702,34.286
0241_14,241,-0.269,25.826,178.729,638.23,43.59
0241_28,241,-0.709,63.46,432.331,1494.787,42.857
0241_1,241,-0.007,20.424,32.606,123.437,50.0
0241_19,241,-0.379,21.451,178.729,412.086,33.333
0241_7,241,-0.117,33.414,90.572,410.475,41.935
0281_6,281,-0.146,7.522,70.042,186.579,42.857
0281_29,281,-0.658,72.075,406.971,1193.076,38.961
0281_20,281,-0.345,44.129,278.962,1022.744,40.323
0281_28,281,-0.596,79.509,369.534,1323.779,36.923
0281_15,281,-0.237,8.594,115.932,279.734,38.889
0281_22,281,-0.378,23.727,160.615,367.176,39.13
0281_9,281,-0.195,22.523,130.424,331.337,41.379
0281_24,281,-0.409,41.853,242.733,723.394,37.255
0281_1,281,0.015,9.665,44.682,109.805,37.5
0281_7,281,-0.16,35.469,89.364,370.611,41.667
0281_4,281,-0.11,3.237,78.496,190.659,37.5
0281_31,281,-0.671,66.563,369.534,1124.369,40.678
0281_14,281,-0.229,23.683,85.742,250.45,41.176
0285_14,285,-0.148,55.915,350.212,1106.3,37.079
0285_7,285,-0.084,33.481,92.987,397.954,46.667
0285_15,285,-0.149,17.254,95.403,301.676,29.412
0285_9,285,-0.094,50.403,100.233,491.662,45.455
0285_37,285,-0.473,81.873,275.339,909.684,40.816
0285_40,285,-0.619,45.09,303.115,838.526,37.5
0285_34,285,-0.344,27.969,220.996,731.592,36.111
0285_22,285,-0.213,26.897,159.407,520.777,41.667
0285_19,285,-0.184,14.04,88.157,257.363,42.105
0285_39,285,-0.559,87.882,525.318,1743.993,42.202
0285_18,285,-0.173,38.705,182.352,574.829,39.535
0285_26,285,-0.244,17.143,84.534,238.388,35.714
0285_35,285,-0.357,52.701,164.237,459.401,43.333
0296_14,296,-0.144,17.254,38.644,167.123,38.462
0296_13,296,-0.142,13.951,47.098,92.691,50.0
0296_4,296,-0.081,13.951,78.496,287.02,38.889
0296_26,296,-0.454,98.862,147.331,696.456,48.649
0296_21,296,-0.311,37.678,111.102,336.214,40.0
0296_23,296,-0.356,26.919,188.39,548.864,42.105
0296_27,296,-0.469,24.71,236.695,680.834,32.432
0296_7,296,-0.102,26.786,88.157,304.224,38.095
0296_28,296,-0.503,7.5,196.843,528.257,29.167
0296_2,296,-0.047,31.139,89.364,327.321,37.5
0296_33,296,-0.916,285.109,1295.785,4635.529,40.927
0325_30,325,-0.309,44.24,178.729,538.658,37.5
0325_19,325,-0.151,40.87,83.326,368.277,47.619
0325_38,325,-0.438,50.602,235.488,658.149,42.5
0325_8,325,-0.074,25.804,45.89,142.061,42.857
0325_15,325,-0.103,22.523,78.496,225.714,40.909
0325_10,325,-0.084,16.072,117.14,336.426,43.333
0325_34,325,-0.365,7.567,176.314,409.48,39.286
0325_32,325,-0.35,60.267,166.653,641.939,46.875
0325_3,325,-0.018,9.687,48.305,133.487,33.333
0325_26,325,-0.235,20.579,137.67,401.148,37.037
0325_35,325,-0.367,28.013,245.149,765.759,36.364
0325_43,325,-0.799,102.032,594.153,1882.044,38.679
0341_39,341,-0.592,41.853,276.547,847.695,40.476
0341_12,341,-0.149,39.688,79.703,315.938,47.619
0341_33,341,-0.438,18.281,220.996,614.983,27.273
0341_4,341,-0.037,4.308,100.233,298.515,42.857
0341_2,341,0.014,13.973,20.53,89.825,53.333
0341_20,341,-0.239,45.134,119.555,358.943,48.148
0341_24,341,-0.288,26.853,158.199,478.214,37.931
0341_7,341,-0.096,20.402,66.42,209.161,50.0
0341_40,341,-0.732,128.079,661.78,2347.284,41.353
0341_28,341,-0.366,19.331,164.237,414.143,33.333
0341_1,341,0.045,6.451,68.835,185.031,28.571
0341_11,341,-0.139,13.929,96.61,274.791,27.778
0341_30,341,-0.425,30.2,167.86,386.97,33.333
0341_15,341,-0.183,37.634,152.161,583.346,35.294
0377_28,377,-0.572,51.629,247.564,741.899,34.091
0377_18,377,-0.321,15.067,179.937,475.775,38.235
0377_1,377,0.002,13.951,22.945,115.179,50.0
0377_25,377,-0.511,23.727,218.581,649.397,36.364
0377_8,377,-0.096,10.781,54.343,200.254,42.857
0377_22,377,-0.425,25.914,159.407,371.026,36.842
0377_16,377,-0.297,21.54,141.293,406.329,40.741
0377_32,377,-1.77,298.286,1467.269,5428.861,42.244
0377_15,377,-0.256,47.299,103.856,353.326,42.308
0377_9,377,-0.109,36.518,36.229,187.645,61.538
0384_36,384,-0.444,7.5,184.767,481.8,28.571
0384_22,384,-0.223,15.133,158.199,535.739,44.828
0384_27,384,-0.301,19.331,198.051,561.075,30.0
0384_8,384,-0.111,46.272,95.403,448.981,48.276
0384_38,384,-0.533,112.946,462.522,1652.081,41.414
0384_19,384,-0.173,29.084,181.144,476.271,43.182
0384_23,384,-0.247,17.431,101.441,253.281,36.842
0384_9,384,-0.115,25.737,61.589,198.948,44.444
0384_35,384,-0.425,42.969,231.865,700.094,42.5
0384_26,384,-0.298,7.544,155.784,370.458,33.333
0384_32,384,-0.368,21.606,167.86,429.477,33.333
0384_1,384,0.057,3.237,27.775,105.324,35.714
0384_16,384,-0.147,21.496,86.949,326.164,31.579
0384_11,384,-0.122,15.155,80.911,221.659,44.444
0440_17,440,-0.358,37.612,227.034,826.796,42.0
0440_5,440,-0.17,29.151,132.839,473.489,38.889
0440_25,440,-0.671,77.278,315.191,886.837,41.379
0440_16,440,-0.345,14.084,152.161,367.134,34.783
0440_24,440,-0.651,61.162,276.547,869.113,41.304
0440_29,440,-0.768,126.919,347.797,1234.99,39.394
0440_20,440,-0.493,49.442,280.17,912.534,41.667
0440_14,440,-0.256,21.496,129.216,329.896,46.154
0440_6,440,-0.193,34.486,91.78,283.425,47.368
0458_13,458,-0.221,17.343,128.009,375.403,33.333
0458_26,458,-0.386,47.211,295.869,888.093,37.931
0458_27,458,-0.406,51.718,200.466,695.754,42.857
0458_2,458,-0.036,10.715,25.36,75.021,50.0
0458_35,458,-0.765,31.205,444.407,1187.047,32.911
0458_25,458,-0.373,25.87,216.165,642.713,45.0
0458_29,458,-0.453,33.348,234.28,714.203,40.541
0458_30,458,-0.47,26.941,173.898,382.93,33.333
0458_19,458,-0.274,49.531,156.992,575.033,48.571
0458_17,458,-0.252,42.903,292.246,925.047,43.478
0493_26,493,-0.523,45.178,253.602,770.171,36.585
0493_12,493,-0.193,17.254,153.369,512.702,41.176
0493_25,493,-0.521,59.174,200.466,631.948,42.105
0493_2,493,-0.047,24.71,32.606,114.544,50.0
0493_19,493,-0.249,79.841,179.937,827.98,47.917
0493_32,493,-0.685,48.304,300.699,874.139,36.957
0493_29,493,-0.603,62.477,338.136,1205.511,40.909
0493_4,493,-0.059,36.518,94.195,333.906,41.379
0493_23,493,-0.446,49.442,297.077,1037.046,40.58
0493_18,493,-0.247,10.737,95.403,221.848,31.25
0534_3,534,-0.07,12.924,31.398,76.525,46.154
0534_34,534,-0.741,113.995,625.552,2225.472,43.802
0534_23,534,-0.304,19.286,94.195,193.249,33.333
0534_27,534,-0.416,64.465,321.229,1137.493,40.0
0534_19,534,-0.214,19.397,106.271,310.025,31.579
0534_10,534,-0.111,48.326,86.949,377.239,46.667
0534_21,534,-0.251,33.326,165.445,543.482,43.243
0534_25,534,-0.358,19.463,167.86,393.221,37.5
0554_14,554,-0.259,17.165,77.288,218.296,40.0
0554_17,554,-0.275,16.094,119.555,323.802,36.842
0554_28,554,-0.585,54.799,240.318,733.53,37.838
0554_12,554,-0.216,23.638,147.331,469.036,45.714
0554_31,554,-0.637,91.494,322.437,1210.117,45.714
0554_33,554,-1.033,198.485,1073.582,3880.187,39.474
0554_16,554,-0.269,19.397,123.178,374.998,28.571
0554_22,554,-0.345,20.468,144.915,346.91,29.412
0554_2,554,-0.039,7.522,24.153,73.13,50.0
0554_24,554,-0.385,20.49,130.424,355.47,41.176
0574_36,574,-0.644,63.504,437.162,1400.567,41.86
0574_9,574,-0.135,23.594,89.364,320.94,45.0
0574_22,574,-0.343,20.424,153.369,394.541,33.333
0574_3,574,-0.063,22.501,65.212,169.732,33.333
0574_20,574,-0.304,20.49,185.975,572.044,44.444
0574_1,574,-0.018,8.616,48.305,134.526,47.059
0574_31,574,-0.457,12.946,227.034,519.626,30.303
0574_35,574,-0.517,73.103,218.581,668.29,37.209
0574_21,574,-0.323,89.219,111.102,552.337,50.0
0574_16,574,-0.233,35.602,141.292,548.622,41.379
0574_28,574,-0.421,29.062,184.767,581.123,34.375
0574_24,574,-0.364,26.003,173.898,521.971,37.037
0579_37,579,-0.969,87.231,450.445,1367.493,45.0
0579_31,579,-0.516,46.294,245.149,781.357,38.889
0579_24,579,-0.4,31.205,200.466,638.542,44.737
0579_1,579,0.027,6.429,71.25,189.372,30.0
0579_3,579,-0.031,36.651,65.212,391.221,48.0
0579_33,579,-0.64,67.568,280.17,840.045,35.556
0579_10,579,-0.163,28.013,73.665,226.54,47.826
0579_28,579,-0.457,41.964,233.072,684.064,44.737
0587_11,587,-0.169,17.188,136.462,486.44,36.667
0587_26,587,-0.3,39.71,94.195,244.426,40.0
0587_6,587,-0.123,8.572,68.835,191.25,33.333
0587_23,587,-0.261,28.996,143.708,428.868,46.875
0587_32,587,-0.383,71.115,147.331,553.787,44.118
0587_41,587,-1.675,239.887,1061.505,3854.583,40.816
0587_34,587,-0.459,32.343,230.657,668.506,36.842
0587_7,587,-0.135,51.607,189.598,626.063,40.0
0587_29,587,-0.344,60.157,212.543,674.962,40.541
0587_33,587,-0.454,24.644,192.013,508.045,37.5
0587_16,587,-0.21,27.88,80.911,265.382,47.059
0754_32,754,-0.56,150.624,470.975,1792.148,44.444
0754_13,754,-0.129,28.057,195.636,603.57,43.75
0754_36,754,-0.626,73.191,315.191,1003.354,39.062
0754_10,754,-0.101,40.87,76.081,310.719,42.105
0754_28,754,-0.429,106.318,582.077,1985.607,40.714
0754_31,754,-0.551,19.375,227.034,516.377,32.0
0754_35,754,-0.616,50.536,382.818,1152.321,41.333
0754_2,754,-0.001,7.589,32.606,97.17,52.941
0796_17,796,-0.242,18.303,136.462,363.21,38.462
0796_26,796,-0.882,143.19,512.034,1847.647,41.346
0796_5,796,-0.107,13.995,67.627,245.921,42.105
0796_14,796,-0.188,10.715,83.326,235.531,30.769
0796_18,796,-0.496,129.018,807.903,2726.486,44.242
0796_9,796,-0.145,52.679,86.949,458.196,44.118
0815_22,815,-0.206,31.117,88.157,244.918,47.619
0815_33,815,-0.321,17.32,126.801,343.308,29.412
0815_23,815,-0.215,10.759,119.555,331.819,40.909
0815_36,815,-0.368,63.592,252.394,810.791,40.0
0815_34,815,-0.329,23.727,144.915,326.713,35.0
0815_7,815,-0.124,12.924,106.271,279.299,35.0
0815_38,815,-0.433,33.259,220.996,644.029,35.294
0815_18,815,-0.18,13.929,66.42,171.319,33.333
0815_35,815,-0.353,31.205,263.263,827.347,40.0
0815_12,815,-0.147,41.986,126.801,399.697,42.308
0815_10,815,-0.129,12.946,142.5,463.572,41.176
0815_20,815,-0.2,61.538,134.047,681.849,42.857
0815_17,815,-0.167,16.116,86.949,238.492,47.059
0873_25,873,-0.555,37.523,275.339,862.529,37.778
0873_30,873,-0.856,79.443,652.119,1941.89,35.484
0873_20,873,-0.404,24.688,184.767,427.039,34.483
0873_17,873,-0.342,81.719,142.5,660.105,50.0
0873_3,873,0.002,15.089,25.36,81.757,46.667
0873_15,873,-0.29,28.123,117.14,365.845,44.444
0873_23,873,-0.456,23.683,246.356,679.671,35.135
0873_11,873,-0.203,23.594,115.932,313.993,38.095
0873_27,873,-0.681,121.517,339.344,1473.599,44.776
0873_6,873,-0.106,25.826,115.932,380.56,45.455
0873_14,873,-0.235,11.808,108.687,275.983,40.0
0873_31,873,-0.918,131.315,492.712,1846.399,39.286
